Title,Wiki_link,Image_link
Giant ant,/wiki/File:Giant_ant.png,/images/c/c6/Giant_ant.png
Killer bee,/wiki/File:Killer_bee.png,/images/6/65/Killer_bee.png
Soldier ant,/wiki/File:Soldier_ant.png,/images/f/f1/Soldier_ant.png
Fire ant,/wiki/File:Fire_ant.png,/images/0/05/Fire_ant.png
Giant beetle,/wiki/File:Giant_beetle.png,/images/a/a3/Giant_beetle.png
Queen bee,/wiki/File:Queen_bee.png,/images/7/7a/Queen_bee.png
Acid blob,/wiki/File:Acid_blob.png,/images/2/2c/Acid_blob.png
Quivering blob,/wiki/File:Quivering_blob.png,/images/0/06/Quivering_blob.png
Gelatinous cube,/wiki/File:Gelatinous_cube.png,/images/b/bc/Gelatinous_cube.png
Chickatrice,/wiki/File:Chickatrice.png,/images/0/06/Chickatrice.png
Cockatrice,/wiki/File:Cockatrice.png,/images/0/09/Cockatrice.png
Pyrolisk,/wiki/File:Pyrolisk.png,/images/8/84/Pyrolisk.png
Jackal,/wiki/File:Jackal.png,/images/7/70/Jackal.png
Fox,/wiki/File:Fox.png,/images/7/73/Fox.png
Coyote,/wiki/File:Coyote.png,/images/0/02/Coyote.png
Werejackal were,/wiki/File:Werejackal_were.png,/images/d/d2/Werejackal_were.png
Little dog,/wiki/File:Little_dog.png,/images/3/3c/Little_dog.png
Dog,/wiki/File:Dog.png,/images/3/35/Dog.png
Large dog,/wiki/File:Large_dog.png,/images/2/26/Large_dog.png
Dingo,/wiki/File:Dingo.png,/images/d/db/Dingo.png
Wolf,/wiki/File:Wolf.png,/images/c/c8/Wolf.png
Werewolf were,/wiki/File:Werewolf_were.png,/images/d/d9/Werewolf_were.png
Warg,/wiki/File:Warg.png,/images/2/27/Warg.png
Winter wolf cub,/wiki/File:Winter_wolf_cub.png,/images/b/b8/Winter_wolf_cub.png
Winter wolf,/wiki/File:Winter_wolf.png,/images/e/e4/Winter_wolf.png
Hell hound pup,/wiki/File:Hell_hound_pup.png,/images/9/92/Hell_hound_pup.png
Hell hound,/wiki/File:Hell_hound.png,/images/b/bc/Hell_hound.png
Cerberus,/wiki/File:Cerberus.png,/images/4/45/Cerberus.png
Gas spore,/wiki/File:Gas_spore.png,/images/e/e5/Gas_spore.png
Floating eye,/wiki/File:Floating_eye.png,/images/4/46/Floating_eye.png
Freezing sphere,/wiki/File:Freezing_sphere.png,/images/2/2c/Freezing_sphere.png
Flaming sphere,/wiki/File:Flaming_sphere.png,/images/4/40/Flaming_sphere.png
Shocking sphere,/wiki/File:Shocking_sphere.png,/images/2/24/Shocking_sphere.png
Beholder,/wiki/File:Beholder.png,/images/b/b8/Beholder.png
Kitten,/wiki/File:Kitten.png,/images/2/27/Kitten.png
Housecat,/wiki/File:Housecat.png,/images/d/d2/Housecat.png
Jaguar,/wiki/File:Jaguar.png,/images/d/d3/Jaguar.png
Lynx,/wiki/File:Lynx.png,/images/b/b8/Lynx.png
Panther,/wiki/File:Panther.png,/images/3/36/Panther.png
Large cat,/wiki/File:Large_cat.png,/images/0/0b/Large_cat.png
Tiger,/wiki/File:Tiger.png,/images/a/ae/Tiger.png
Gremlin,/wiki/File:Gremlin.png,/images/d/db/Gremlin.png
Gargoyle,/wiki/File:Gargoyle.png,/images/4/44/Gargoyle.png
Winged gargoyle,/wiki/File:Winged_gargoyle.png,/images/7/78/Winged_gargoyle.png
Hobbit,/wiki/File:Hobbit.png,/images/6/69/Hobbit.png
Dwarf,/wiki/File:Dwarf.png,/images/e/ed/Dwarf.png
Bugbear,/wiki/File:Bugbear.png,/images/0/0c/Bugbear.png
Dwarf lord,/wiki/File:Dwarf_lord.png,/images/7/7c/Dwarf_lord.png
Dwarf king,/wiki/File:Dwarf_king.png,/images/5/5c/Dwarf_king.png
Mind flayer,/wiki/File:Mind_flayer.png,/images/4/4d/Mind_flayer.png
Master mind flayer,/wiki/File:Master_mind_flayer.png,/images/d/d9/Master_mind_flayer.png
Manes,/wiki/File:Manes.png,/images/3/33/Manes.png
Homunculus,/wiki/File:Homunculus.png,/images/e/e5/Homunculus.png
Imp,/wiki/File:Imp.png,/images/b/b3/Imp.png
Lemure,/wiki/File:Lemure.png,/images/f/fa/Lemure.png
Quasit,/wiki/File:Quasit.png,/images/1/1e/Quasit.png
Tengu,/wiki/File:Tengu.png,/images/3/37/Tengu.png
Blue jelly,/wiki/File:Blue_jelly.png,/images/7/72/Blue_jelly.png
Spotted jelly,/wiki/File:Spotted_jelly.png,/images/6/69/Spotted_jelly.png
Ochre jelly,/wiki/File:Ochre_jelly.png,/images/d/dc/Ochre_jelly.png
Kobold,/wiki/File:Kobold.png,/images/d/d2/Kobold.png
Large kobold,/wiki/File:Large_kobold.png,/images/5/5c/Large_kobold.png
Kobold lord,/wiki/File:Kobold_lord.png,/images/d/d8/Kobold_lord.png
Kobold shaman,/wiki/File:Kobold_shaman.png,/images/9/9f/Kobold_shaman.png
Leprechaun,/wiki/File:Leprechaun.png,/images/3/3f/Leprechaun.png
Small mimic,/wiki/File:Small_mimic.png,/images/8/86/Small_mimic.png
Large mimic,/wiki/File:Large_mimic.png,/images/f/f8/Large_mimic.png
Giant mimic,/wiki/File:Giant_mimic.png,/images/7/73/Giant_mimic.png
Wood nymph,/wiki/File:Wood_nymph.png,/images/8/87/Wood_nymph.png
Water nymph,/wiki/File:Water_nymph.png,/images/2/20/Water_nymph.png
Mountain nymph,/wiki/File:Mountain_nymph.png,/images/0/0e/Mountain_nymph.png
Goblin,/wiki/File:Goblin.png,/images/d/d2/Goblin.png
Hobgoblin,/wiki/File:Hobgoblin.png,/images/3/31/Hobgoblin.png
Orc,/wiki/File:Orc.png,/images/b/bf/Orc.png
Hill orc,/wiki/File:Hill_orc.png,/images/7/7f/Hill_orc.png
Mordor orc,/wiki/File:Mordor_orc.png,/images/8/86/Mordor_orc.png
Uruk-hai,/wiki/File:Uruk-hai.png,/images/a/a0/Uruk-hai.png
Orc shaman,/wiki/File:Orc_shaman.png,/images/d/d1/Orc_shaman.png
Orc-captain,/wiki/File:Orc-captain.png,/images/6/62/Orc-captain.png
Rock piercer,/wiki/File:Rock_piercer.png,/images/8/82/Rock_piercer.png
Iron piercer,/wiki/File:Iron_piercer.png,/images/a/a9/Iron_piercer.png
Glass piercer,/wiki/File:Glass_piercer.png,/images/5/5d/Glass_piercer.png
Rothe,/wiki/File:Rothe.png,/images/c/c4/Rothe.png
Mumak,/wiki/File:Mumak.png,/images/e/e8/Mumak.png
Leocrotta,/wiki/File:Leocrotta.png,/images/5/58/Leocrotta.png
Wumpus,/wiki/File:Wumpus.png,/images/3/39/Wumpus.png
Titanothere,/wiki/File:Titanothere.png,/images/6/60/Titanothere.png
Baluchitherium,/wiki/File:Baluchitherium.png,/images/9/95/Baluchitherium.png
Mastodon,/wiki/File:Mastodon.png,/images/e/ef/Mastodon.png
Sewer rat,/wiki/File:Sewer_rat.png,/images/b/b8/Sewer_rat.png
Giant rat,/wiki/File:Giant_rat.png,/images/e/e4/Giant_rat.png
Rabid rat,/wiki/File:Rabid_rat.png,/images/f/f1/Rabid_rat.png
Wererat were,/wiki/File:Wererat_were.png,/images/1/1e/Wererat_were.png
Rock mole,/wiki/File:Rock_mole.png,/images/5/5e/Rock_mole.png
Woodchuck,/wiki/File:Woodchuck.png,/images/3/3c/Woodchuck.png
Cave spider,/wiki/File:Cave_spider.png,/images/9/94/Cave_spider.png
Centipede,/wiki/File:Centipede.png,/images/4/43/Centipede.png
Giant spider,/wiki/File:Giant_spider.png,/images/d/d6/Giant_spider.png
Scorpion,/wiki/File:Scorpion.png,/images/a/ab/Scorpion.png
Lurker above,/wiki/File:Lurker_above.png,/images/5/58/Lurker_above.png
Trapper,/wiki/File:Trapper.png,/images/b/b8/Trapper.png
White unicorn,/wiki/File:White_unicorn.png,/images/8/8d/White_unicorn.png
Gray unicorn,/wiki/File:Gray_unicorn.png,/images/1/13/Gray_unicorn.png
Black unicorn,/wiki/File:Black_unicorn.png,/images/5/52/Black_unicorn.png
Pony,/wiki/File:Pony.png,/images/b/b1/Pony.png
Horse,/wiki/File:Horse.png,/images/c/c3/Horse.png
Warhorse,/wiki/File:Warhorse.png,/images/a/a1/Warhorse.png
Fog cloud,/wiki/File:Fog_cloud.png,/images/9/96/Fog_cloud.png
Dust vortex,/wiki/File:Dust_vortex.png,/images/c/c8/Dust_vortex.png
Ice vortex,/wiki/File:Ice_vortex.png,/images/7/76/Ice_vortex.png
Energy vortex,/wiki/File:Energy_vortex.png,/images/e/e2/Energy_vortex.png
Steam vortex,/wiki/File:Steam_vortex.png,/images/d/dd/Steam_vortex.png
Fire vortex,/wiki/File:Fire_vortex.png,/images/8/8a/Fire_vortex.png
Baby long worm,/wiki/File:Baby_long_worm.png,/images/0/0d/Baby_long_worm.png
Baby purple worm,/wiki/File:Baby_purple_worm.png,/images/b/ba/Baby_purple_worm.png
Long worm,/wiki/File:Long_worm.png,/images/2/23/Long_worm.png
Purple worm,/wiki/File:Purple_worm.png,/images/d/db/Purple_worm.png
Grid bug,/wiki/File:Grid_bug.png,/images/e/e1/Grid_bug.png
Xan,/wiki/File:Xan.png,/images/7/70/Xan.png
Yellow light,/wiki/File:Yellow_light.png,/images/6/6a/Yellow_light.png
Black light,/wiki/File:Black_light.png,/images/d/df/Black_light.png
Zruty,/wiki/File:Zruty.png,/images/9/99/Zruty.png
Couatl,/wiki/File:Couatl.png,/images/4/40/Couatl.png
Aleax,/wiki/File:Aleax.png,/images/2/2c/Aleax.png
Angel,/wiki/File:Angel.png,/images/8/83/Angel.png
Ki-rin,/wiki/File:Ki-rin.png,/images/e/e0/Ki-rin.png
Archon,/wiki/File:Archon.png,/images/b/b7/Archon.png
Bat,/wiki/File:Bat.png,/images/a/ad/Bat.png
Giant bat,/wiki/File:Giant_bat.png,/images/4/44/Giant_bat.png
Raven,/wiki/File:Raven.png,/images/6/66/Raven.png
Vampire bat,/wiki/File:Vampire_bat.png,/images/4/46/Vampire_bat.png
Plains centaur,/wiki/File:Plains_centaur.png,/images/e/ee/Plains_centaur.png
Forest centaur,/wiki/File:Forest_centaur.png,/images/4/4b/Forest_centaur.png
Mountain centaur,/wiki/File:Mountain_centaur.png,/images/3/37/Mountain_centaur.png
Baby gray dragon,/wiki/File:Baby_gray_dragon.png,/images/6/68/Baby_gray_dragon.png
Baby silver dragon,/wiki/File:Baby_silver_dragon.png,/images/7/7f/Baby_silver_dragon.png
Baby shimmering dragon,/wiki/File:Baby_shimmering_dragon.png,/images/9/91/Baby_shimmering_dragon.png
Baby red dragon,/wiki/File:Baby_red_dragon.png,/images/7/75/Baby_red_dragon.png
Baby white dragon,/wiki/File:Baby_white_dragon.png,/images/5/5b/Baby_white_dragon.png
Baby orange dragon,/wiki/File:Baby_orange_dragon.png,/images/a/a7/Baby_orange_dragon.png
Baby black dragon,/wiki/File:Baby_black_dragon.png,/images/d/d9/Baby_black_dragon.png
Baby blue dragon,/wiki/File:Baby_blue_dragon.png,/images/4/40/Baby_blue_dragon.png
Baby green dragon,/wiki/File:Baby_green_dragon.png,/images/b/b3/Baby_green_dragon.png
Baby yellow dragon,/wiki/File:Baby_yellow_dragon.png,/images/2/23/Baby_yellow_dragon.png
Gray dragon,/wiki/File:Gray_dragon.png,/images/9/9b/Gray_dragon.png
Silver dragon,/wiki/File:Silver_dragon.png,/images/4/40/Silver_dragon.png
Shimmering dragon,/wiki/File:Shimmering_dragon.png,/images/8/8c/Shimmering_dragon.png
Red dragon,/wiki/File:Red_dragon.png,/images/6/6a/Red_dragon.png
White dragon,/wiki/File:White_dragon.png,/images/f/f2/White_dragon.png
Orange dragon,/wiki/File:Orange_dragon.png,/images/d/d5/Orange_dragon.png
Black dragon,/wiki/File:Black_dragon.png,/images/9/9f/Black_dragon.png
Blue dragon,/wiki/File:Blue_dragon.png,/images/3/39/Blue_dragon.png
Green dragon,/wiki/File:Green_dragon.png,/images/0/07/Green_dragon.png
Yellow dragon,/wiki/File:Yellow_dragon.png,/images/6/60/Yellow_dragon.png
Stalker,/wiki/File:Stalker.png,/images/4/4b/Stalker.png
Air elemental,/wiki/File:Air_elemental.png,/images/0/06/Air_elemental.png
Fire elemental,/wiki/File:Fire_elemental.png,/images/6/6d/Fire_elemental.png
Earth elemental,/wiki/File:Earth_elemental.png,/images/a/a6/Earth_elemental.png
Water elemental,/wiki/File:Water_elemental.png,/images/d/db/Water_elemental.png
Lichen,/wiki/File:Lichen.png,/images/8/8a/Lichen.png
Brown mold,/wiki/File:Brown_mold.png,/images/5/56/Brown_mold.png
Yellow mold,/wiki/File:Yellow_mold.png,/images/5/52/Yellow_mold.png
Green mold,/wiki/File:Green_mold.png,/images/8/85/Green_mold.png
Red mold,/wiki/File:Red_mold.png,/images/7/7b/Red_mold.png
Shrieker,/wiki/File:Shrieker.png,/images/5/5e/Shrieker.png
Violet fungus,/wiki/File:Violet_fungus.png,/images/6/68/Violet_fungus.png
Gnome,/wiki/File:Gnome.png,/images/7/78/Gnome.png
Gnome lord,/wiki/File:Gnome_lord.png,/images/d/df/Gnome_lord.png
Gnomish wizard,/wiki/File:Gnomish_wizard.png,/images/c/c7/Gnomish_wizard.png
Gnome king,/wiki/File:Gnome_king.png,/images/c/c0/Gnome_king.png
Giant,/wiki/File:Giant.png,/images/0/0c/Giant.png
Stone giant,/wiki/File:Stone_giant.png,/images/f/f8/Stone_giant.png
Hill giant,/wiki/File:Hill_giant.png,/images/b/bd/Hill_giant.png
Fire giant,/wiki/File:Fire_giant.png,/images/1/16/Fire_giant.png
Frost giant,/wiki/File:Frost_giant.png,/images/7/74/Frost_giant.png
Storm giant,/wiki/File:Storm_giant.png,/images/d/d1/Storm_giant.png
Ettin,/wiki/File:Ettin.png,/images/c/c6/Ettin.png
Titan,/wiki/File:Titan.png,/images/8/88/Titan.png
Minotaur,/wiki/File:Minotaur.png,/images/7/7e/Minotaur.png
Jabberwock,/wiki/File:Jabberwock.png,/images/d/df/Jabberwock.png
Vorpal jabberwock,/wiki/File:Vorpal_jabberwock.png,/images/4/42/Vorpal_jabberwock.png
Keystone Kop,/wiki/File:Keystone_Kop.png,/images/e/ee/Keystone_Kop.png
Kop Sergeant,/wiki/File:Kop_Sergeant.png,/images/e/e3/Kop_Sergeant.png
Kop Lieutenant,/wiki/File:Kop_Lieutenant.png,/images/c/c9/Kop_Lieutenant.png
Kop Kaptain,/wiki/File:Kop_Kaptain.png,/images/3/33/Kop_Kaptain.png
Lich,/wiki/File:Lich.png,/images/8/86/Lich.png
Demilich,/wiki/File:Demilich.png,/images/6/65/Demilich.png
Master lich,/wiki/File:Master_lich.png,/images/6/6e/Master_lich.png
Arch-lich,/wiki/File:Arch-lich.png,/images/1/18/Arch-lich.png
Kobold mummy,/wiki/File:Kobold_mummy.png,/images/4/4d/Kobold_mummy.png
Gnome mummy,/wiki/File:Gnome_mummy.png,/images/c/cd/Gnome_mummy.png
Orc mummy,/wiki/File:Orc_mummy.png,/images/a/ae/Orc_mummy.png
Dwarf mummy,/wiki/File:Dwarf_mummy.png,/images/a/a2/Dwarf_mummy.png
Elf mummy,/wiki/File:Elf_mummy.png,/images/2/2b/Elf_mummy.png
Human mummy,/wiki/File:Human_mummy.png,/images/c/c9/Human_mummy.png
Ettin mummy,/wiki/File:Ettin_mummy.png,/images/9/97/Ettin_mummy.png
Giant mummy,/wiki/File:Giant_mummy.png,/images/9/90/Giant_mummy.png
Red naga hatchling,/wiki/File:Red_naga_hatchling.png,/images/8/80/Red_naga_hatchling.png
Black naga hatchling,/wiki/File:Black_naga_hatchling.png,/images/c/c4/Black_naga_hatchling.png
Golden naga hatchling,/wiki/File:Golden_naga_hatchling.png,/images/1/1f/Golden_naga_hatchling.png
Guardian naga hatchling,/wiki/File:Guardian_naga_hatchling.png,/images/7/7a/Guardian_naga_hatchling.png
Red naga,/wiki/File:Red_naga.png,/images/1/18/Red_naga.png
Black naga,/wiki/File:Black_naga.png,/images/f/ff/Black_naga.png
Golden naga,/wiki/File:Golden_naga.png,/images/2/24/Golden_naga.png
Guardian naga,/wiki/File:Guardian_naga.png,/images/1/1f/Guardian_naga.png
Ogre,/wiki/File:Ogre.png,/images/c/c5/Ogre.png
Ogre lord,/wiki/File:Ogre_lord.png,/images/8/8e/Ogre_lord.png
Ogre king,/wiki/File:Ogre_king.png,/images/6/66/Ogre_king.png
Gray ooze,/wiki/File:Gray_ooze.png,/images/7/7b/Gray_ooze.png
Brown pudding,/wiki/File:Brown_pudding.png,/images/8/84/Brown_pudding.png
Black pudding,/wiki/File:Black_pudding.png,/images/a/a7/Black_pudding.png
Green slime,/wiki/File:Green_slime.png,/images/a/a8/Green_slime.png
Quantum mechanic,/wiki/File:Quantum_mechanic.png,/images/7/71/Quantum_mechanic.png
Rust monster,/wiki/File:Rust_monster.png,/images/8/8e/Rust_monster.png
Disenchanter,/wiki/File:Disenchanter.png,/images/9/91/Disenchanter.png
Garter snake,/wiki/File:Garter_snake.png,/images/e/e6/Garter_snake.png
Snake,/wiki/File:Snake.png,/images/5/5a/Snake.png
Water moccasin,/wiki/File:Water_moccasin.png,/images/f/fc/Water_moccasin.png
Pit viper,/wiki/File:Pit_viper.png,/images/c/ce/Pit_viper.png
Python,/wiki/File:Python.png,/images/e/e4/Python.png
Cobra,/wiki/File:Cobra.png,/images/0/0e/Cobra.png
Troll,/wiki/File:Troll.png,/images/f/f3/Troll.png
Ice troll,/wiki/File:Ice_troll.png,/images/d/da/Ice_troll.png
Rock troll,/wiki/File:Rock_troll.png,/images/7/72/Rock_troll.png
Water troll,/wiki/File:Water_troll.png,/images/e/e4/Water_troll.png
Olog-hai,/wiki/File:Olog-hai.png,/images/d/d9/Olog-hai.png
Umber hulk,/wiki/File:Umber_hulk.png,/images/4/45/Umber_hulk.png
Vampire,/wiki/File:Vampire.png,/images/4/4e/Vampire.png
Vampire lord,/wiki/File:Vampire_lord.png,/images/a/a5/Vampire_lord.png
Vampire mage,/wiki/File:Vampire_mage.png,/images/9/94/Vampire_mage.png
Vlad the Impaler,/wiki/File:Vlad_the_Impaler.png,/images/9/98/Vlad_the_Impaler.png
Barrow wight,/wiki/File:Barrow_wight.png,/images/8/84/Barrow_wight.png
Wraith,/wiki/File:Wraith.png,/images/7/7c/Wraith.png
Nazgul,/wiki/File:Nazgul.png,/images/f/ff/Nazgul.png
Xorn,/wiki/File:Xorn.png,/images/b/b1/Xorn.png
Monkey,/wiki/File:Monkey.png,/images/2/27/Monkey.png
Ape,/wiki/File:Ape.png,/images/4/45/Ape.png
Owlbear,/wiki/File:Owlbear.png,/images/c/c2/Owlbear.png
Yeti,/wiki/File:Yeti.png,/images/7/7d/Yeti.png
Carnivorous ape,/wiki/File:Carnivorous_ape.png,/images/c/c7/Carnivorous_ape.png
Sasquatch,/wiki/File:Sasquatch.png,/images/8/8d/Sasquatch.png
Kobold zombie,/wiki/File:Kobold_zombie.png,/images/a/ab/Kobold_zombie.png
Gnome zombie,/wiki/File:Gnome_zombie.png,/images/2/2d/Gnome_zombie.png
Orc zombie,/wiki/File:Orc_zombie.png,/images/7/75/Orc_zombie.png
Dwarf zombie,/wiki/File:Dwarf_zombie.png,/images/0/0f/Dwarf_zombie.png
Elf zombie,/wiki/File:Elf_zombie.png,/images/c/c0/Elf_zombie.png
Human zombie,/wiki/File:Human_zombie.png,/images/8/8d/Human_zombie.png
Ettin zombie,/wiki/File:Ettin_zombie.png,/images/0/01/Ettin_zombie.png
Giant zombie,/wiki/File:Giant_zombie.png,/images/a/ab/Giant_zombie.png
Ghoul,/wiki/File:Ghoul.png,/images/e/e3/Ghoul.png
Skeleton,/wiki/File:Skeleton.png,/images/2/23/Skeleton.png
Straw golem,/wiki/File:Straw_golem.png,/images/d/d7/Straw_golem.png
Paper golem,/wiki/File:Paper_golem.png,/images/4/48/Paper_golem.png
Rope golem,/wiki/File:Rope_golem.png,/images/9/9a/Rope_golem.png
Gold golem,/wiki/File:Gold_golem.png,/images/3/34/Gold_golem.png
Leather golem,/wiki/File:Leather_golem.png,/images/2/26/Leather_golem.png
Wood golem,/wiki/File:Wood_golem.png,/images/1/15/Wood_golem.png
Flesh golem,/wiki/File:Flesh_golem.png,/images/9/98/Flesh_golem.png
Clay golem,/wiki/File:Clay_golem.png,/images/d/de/Clay_golem.png
Stone golem,/wiki/File:Stone_golem.png,/images/2/2e/Stone_golem.png
Glass golem,/wiki/File:Glass_golem.png,/images/5/5d/Glass_golem.png
Iron golem,/wiki/File:Iron_golem.png,/images/e/ed/Iron_golem.png
Human,/wiki/File:Human.png,/images/6/6e/Human.png
Wererat,/wiki/File:Wererat.png,/images/3/32/Wererat.png
Werejackal,/wiki/File:Werejackal.png,/images/5/5e/Werejackal.png
Werewolf,/wiki/File:Werewolf.png,/images/f/f5/Werewolf.png
Elf,/wiki/File:Elf.png,/images/8/89/Elf.png
Woodland-elf,/wiki/File:Woodland-elf.png,/images/c/c6/Woodland-elf.png
Green-elf,/wiki/File:Green-elf.png,/images/8/8d/Green-elf.png
Grey-elf,/wiki/File:Grey-elf.png,/images/2/24/Grey-elf.png
Elf-lord,/wiki/File:Elf-lord.png,/images/4/44/Elf-lord.png
Elvenking,/wiki/File:Elvenking.png,/images/c/c7/Elvenking.png
Doppelganger,/wiki/File:Doppelganger.png,/images/7/75/Doppelganger.png
Nurse,/wiki/File:Nurse.png,/images/c/cc/Nurse.png
Shopkeeper,/wiki/File:Shopkeeper.png,/images/5/5b/Shopkeeper.png
Guard,/wiki/File:Guard.png,/images/7/74/Guard.png
Prisoner,/wiki/File:Prisoner.png,/images/7/71/Prisoner.png
Oracle,/wiki/File:Oracle.png,/images/1/17/Oracle.png
Aligned priest,/wiki/File:Aligned_priest.png,/images/1/1d/Aligned_priest.png
High priest,/wiki/File:High_priest.png,/images/b/b4/High_priest.png
Soldier,/wiki/File:Soldier.png,/images/7/7b/Soldier.png
Sergeant,/wiki/File:Sergeant.png,/images/e/e6/Sergeant.png
Lieutenant,/wiki/File:Lieutenant.png,/images/5/51/Lieutenant.png
Captain,/wiki/File:Captain.png,/images/a/a9/Captain.png
Watchman,/wiki/File:Watchman.png,/images/5/55/Watchman.png
Watch captain,/wiki/File:Watch_captain.png,/images/2/24/Watch_captain.png
Medusa,/wiki/File:Medusa.png,/images/c/c3/Medusa.png
Wizard of Yendor,/wiki/File:Wizard_of_Yendor.png,/images/0/00/Wizard_of_Yendor.png
Croesus,/wiki/File:Croesus.png,/images/8/8e/Croesus.png
Charon,/wiki/File:Charon.png,/images/e/e2/Charon.png
Ghost,/wiki/File:Ghost.png,/images/a/ab/Ghost.png
Shade,/wiki/File:Shade.png,/images/d/dc/Shade.png
Water demon,/wiki/File:Water_demon.png,/images/9/94/Water_demon.png
Horned devil,/wiki/File:Horned_devil.png,/images/3/33/Horned_devil.png
Succubus,/wiki/File:Succubus.png,/images/e/ec/Succubus.png
Incubus,/wiki/File:Incubus.png,/images/0/04/Incubus.png
Erinys,/wiki/File:Erinys.png,/images/d/da/Erinys.png
Barbed devil,/wiki/File:Barbed_devil.png,/images/8/87/Barbed_devil.png
Marilith,/wiki/File:Marilith.png,/images/6/6b/Marilith.png
Vrock,/wiki/File:Vrock.png,/images/d/d4/Vrock.png
Hezrou,/wiki/File:Hezrou.png,/images/d/d3/Hezrou.png
Bone devil,/wiki/File:Bone_devil.png,/images/e/ec/Bone_devil.png
Ice devil,/wiki/File:Ice_devil.png,/images/b/b5/Ice_devil.png
Nalfeshnee,/wiki/File:Nalfeshnee.png,/images/5/50/Nalfeshnee.png
Pit fiend,/wiki/File:Pit_fiend.png,/images/9/95/Pit_fiend.png
Balrog,/wiki/File:Balrog.png,/images/a/a1/Balrog.png
Juiblex,/wiki/File:Juiblex.png,/images/d/db/Juiblex.png
Yeenoghu,/wiki/File:Yeenoghu.png,/images/4/47/Yeenoghu.png
Orcus,/wiki/File:Orcus.png,/images/f/f9/Orcus.png
Geryon,/wiki/File:Geryon.png,/images/f/f4/Geryon.png
Dispater,/wiki/File:Dispater.png,/images/f/fa/Dispater.png
Baalzebub,/wiki/File:Baalzebub.png,/images/e/e6/Baalzebub.png
Asmodeus,/wiki/File:Asmodeus.png,/images/3/34/Asmodeus.png
Demogorgon,/wiki/File:Demogorgon.png,/images/b/bb/Demogorgon.png
Death,/wiki/File:Death.png,/images/c/c3/Death.png
Pestilence,/wiki/File:Pestilence.png,/images/5/5c/Pestilence.png
Famine,/wiki/File:Famine.png,/images/e/ef/Famine.png
Mail daemon,/wiki/File:Mail_daemon.png,/images/5/57/Mail_daemon.png
Djinni,/wiki/File:Djinni.png,/images/4/48/Djinni.png
Sandestin,/wiki/File:Sandestin.png,/images/a/a6/Sandestin.png
Jellyfish,/wiki/File:Jellyfish.png,/images/2/22/Jellyfish.png
Piranha,/wiki/File:Piranha.png,/images/4/43/Piranha.png
Shark,/wiki/File:Shark.png,/images/1/14/Shark.png
Giant eel,/wiki/File:Giant_eel.png,/images/9/9e/Giant_eel.png
Electric eel,/wiki/File:Electric_eel.png,/images/f/f9/Electric_eel.png
Kraken,/wiki/File:Kraken.png,/images/d/d3/Kraken.png
Newt,/wiki/File:Newt.png,/images/7/77/Newt.png
Gecko,/wiki/File:Gecko.png,/images/1/16/Gecko.png
Iguana,/wiki/File:Iguana.png,/images/a/af/Iguana.png
Baby crocodile,/wiki/File:Baby_crocodile.png,/images/d/db/Baby_crocodile.png
Lizard,/wiki/File:Lizard.png,/images/4/4d/Lizard.png
Chameleon,/wiki/File:Chameleon.png,/images/f/f5/Chameleon.png
Crocodile,/wiki/File:Crocodile.png,/images/d/d6/Crocodile.png
Salamander,/wiki/File:Salamander.png,/images/5/53/Salamander.png
Long worm tail,/wiki/File:Long_worm_tail.png,/images/0/07/Long_worm_tail.png
Archeologist,/wiki/File:Archeologist.png,/images/0/05/Archeologist.png
Barbarian,/wiki/File:Barbarian.png,/images/b/b6/Barbarian.png
Caveman,/wiki/File:Caveman.png,/images/9/9b/Caveman.png
Cavewoman,/wiki/File:Cavewoman.png,/images/6/63/Cavewoman.png
Healer,/wiki/File:Healer.png,/images/6/62/Healer.png
Knight,/wiki/File:Knight.png,/images/6/6b/Knight.png
Monk,/wiki/File:Monk.png,/images/4/44/Monk.png
Priest,/wiki/File:Priest.png,/images/1/14/Priest.png
Priestess,/wiki/File:Priestess.png,/images/b/bc/Priestess.png
Ranger,/wiki/File:Ranger.png,/images/e/e9/Ranger.png
Rogue,/wiki/File:Rogue.png,/images/5/59/Rogue.png
Samurai,/wiki/File:Samurai.png,/images/0/09/Samurai.png
Tourist,/wiki/File:Tourist.png,/images/e/e6/Tourist.png
Valkyrie,/wiki/File:Valkyrie.png,/images/d/d5/Valkyrie.png
Wizard,/wiki/File:Wizard.png,/images/c/c7/Wizard.png
Lord Carnarvon,/wiki/File:Lord_Carnarvon.png,/images/2/28/Lord_Carnarvon.png
Pelias,/wiki/File:Pelias.png,/images/5/5e/Pelias.png
Shaman Karnov,/wiki/File:Shaman_Karnov.png,/images/4/4e/Shaman_Karnov.png
Earendil,/wiki/File:Earendil.png,/images/4/4e/Earendil.png
Elwing,/wiki/File:Elwing.png,/images/4/49/Elwing.png
Hippocrates,/wiki/File:Hippocrates.png,/images/c/c7/Hippocrates.png
King Arthur,/wiki/File:King_Arthur.png,/images/4/40/King_Arthur.png
Grand Master,/wiki/File:Grand_Master.png,/images/a/a4/Grand_Master.png
Arch Priest,/wiki/File:Arch_Priest.png,/images/8/89/Arch_Priest.png
Orion,/wiki/File:Orion.png,/images/0/0e/Orion.png
Master of Thieves,/wiki/File:Master_of_Thieves.png,/images/4/48/Master_of_Thieves.png
Lord Sato,/wiki/File:Lord_Sato.png,/images/b/b7/Lord_Sato.png
Twoflower,/wiki/File:Twoflower.png,/images/5/53/Twoflower.png
Norn,/wiki/File:Norn.png,/images/e/e5/Norn.png
Neferet the Green,/wiki/File:Neferet_the_Green.png,/images/1/15/Neferet_the_Green.png
Minion of Huhetotl,/wiki/File:Minion_of_Huhetotl.png,/images/2/29/Minion_of_Huhetotl.png
Thoth Amon,/wiki/File:Thoth_Amon.png,/images/6/62/Thoth_Amon.png
Chromatic Dragon,/wiki/File:Chromatic_Dragon.png,/images/0/0a/Chromatic_Dragon.png
Goblin King,/wiki/File:Goblin_King.png,/images/5/5c/Goblin_King.png
Cyclops,/wiki/File:Cyclops.png,/images/a/a9/Cyclops.png
Ixoth,/wiki/File:Ixoth.png,/images/e/e6/Ixoth.png
Master Kaen,/wiki/File:Master_Kaen.png,/images/1/10/Master_Kaen.png
Nalzok,/wiki/File:Nalzok.png,/images/a/af/Nalzok.png
Scorpius,/wiki/File:Scorpius.png,/images/a/af/Scorpius.png
Master Assassin,/wiki/File:Master_Assassin.png,/images/8/85/Master_Assassin.png
Ashikaga Takauji,/wiki/File:Ashikaga_Takauji.png,/images/8/80/Ashikaga_Takauji.png
Lord Surtur,/wiki/File:Lord_Surtur.png,/images/9/95/Lord_Surtur.png
Dark One,/wiki/File:Dark_One.png,/images/2/28/Dark_One.png
Student,/wiki/File:Student.png,/images/0/0b/Student.png
Chieftain,/wiki/File:Chieftain.png,/images/2/2e/Chieftain.png
Neanderthal,/wiki/File:Neanderthal.png,/images/9/91/Neanderthal.png
High-elf,/wiki/File:High-elf.png,/images/e/e7/High-elf.png
Attendant,/wiki/File:Attendant.png,/images/c/c8/Attendant.png
Page,/wiki/File:Page.png,/images/9/95/Page.png
Abbot,/wiki/File:Abbot.png,/images/f/f3/Abbot.png
Acolyte,/wiki/File:Acolyte.png,/images/c/c2/Acolyte.png
Hunter,/wiki/File:Hunter.png,/images/4/4b/Hunter.png
Thug,/wiki/File:Thug.png,/images/0/0a/Thug.png
Ninja,/wiki/File:Ninja.png,/images/2/21/Ninja.png
Roshi,/wiki/File:Roshi.png,/images/c/c9/Roshi.png
Guide,/wiki/File:Guide.png,/images/7/7f/Guide.png
Warrior,/wiki/File:Warrior.png,/images/9/97/Warrior.png
Apprentice,/wiki/File:Apprentice.png,/images/6/66/Apprentice.png
Invisible monster,/wiki/File:Invisible_monster.png,/images/e/ea/Invisible_monster.png
Strange object,/wiki/File:Strange_object.png,/images/4/4a/Strange_object.png
Arrow,/wiki/File:Arrow.png,/images/4/41/Arrow.png
Elven arrow,/wiki/File:Elven_arrow.png,/images/4/4a/Elven_arrow.png
Orcish arrow,/wiki/File:Orcish_arrow.png,/images/a/a4/Orcish_arrow.png
Silver arrow,/wiki/File:Silver_arrow.png,/images/c/cd/Silver_arrow.png
Bamboo arrow,/wiki/File:Bamboo_arrow.png,/images/d/de/Bamboo_arrow.png
Crossbow bolt,/wiki/File:Crossbow_bolt.png,/images/e/e5/Crossbow_bolt.png
Dart,/wiki/File:Dart.png,/images/2/29/Dart.png
Shuriken,/wiki/File:Shuriken.png,/images/a/ac/Shuriken.png
Boomerang,/wiki/File:Boomerang.png,/images/7/7c/Boomerang.png
Spear,/wiki/File:Spear.png,/images/4/4f/Spear.png
Elven spear,/wiki/File:Elven_spear.png,/images/6/66/Elven_spear.png
Orcish spear,/wiki/File:Orcish_spear.png,/images/2/28/Orcish_spear.png
Dwarvish spear,/wiki/File:Dwarvish_spear.png,/images/d/da/Dwarvish_spear.png
Silver spear,/wiki/File:Silver_spear.png,/images/c/ca/Silver_spear.png
Javelin,/wiki/File:Javelin.png,/images/1/1d/Javelin.png
Trident,/wiki/File:Trident.png,/images/9/9a/Trident.png
Dagger,/wiki/File:Dagger.png,/images/4/45/Dagger.png
Elven dagger,/wiki/File:Elven_dagger.png,/images/3/3a/Elven_dagger.png
Orcish dagger,/wiki/File:Orcish_dagger.png,/images/8/8b/Orcish_dagger.png
Silver dagger,/wiki/File:Silver_dagger.png,/images/0/05/Silver_dagger.png
Athame,/wiki/File:Athame.png,/images/0/02/Athame.png
Scalpel,/wiki/File:Scalpel.png,/images/2/2c/Scalpel.png
Knife,/wiki/File:Knife.png,/images/5/58/Knife.png
Stiletto,/wiki/File:Stiletto.png,/images/f/f4/Stiletto.png
Worm tooth,/wiki/File:Worm_tooth.png,/images/c/cb/Worm_tooth.png
Crysknife,/wiki/File:Crysknife.png,/images/5/5a/Crysknife.png
Axe,/wiki/File:Axe.png,/images/f/fb/Axe.png
Battle-axe,/wiki/File:Battle-axe.png,/images/b/b2/Battle-axe.png
Short sword,/wiki/File:Short_sword.png,/images/3/35/Short_sword.png
Elven short sword,/wiki/File:Elven_short_sword.png,/images/5/57/Elven_short_sword.png
Orcish short sword,/wiki/File:Orcish_short_sword.png,/images/3/34/Orcish_short_sword.png
Dwarvish short sword,/wiki/File:Dwarvish_short_sword.png,/images/a/a4/Dwarvish_short_sword.png
Scimitar,/wiki/File:Scimitar.png,/images/e/e5/Scimitar.png
Silver saber,/wiki/File:Silver_saber.png,/images/7/74/Silver_saber.png
Broadsword,/wiki/File:Broadsword.png,/images/8/87/Broadsword.png
Elven broadsword,/wiki/File:Elven_broadsword.png,/images/7/78/Elven_broadsword.png
Long sword,/wiki/File:Long_sword.png,/images/2/2d/Long_sword.png
Two-handed sword,/wiki/File:Two-handed_sword.png,/images/d/d2/Two-handed_sword.png
Katana,/wiki/File:Katana.png,/images/e/e9/Katana.png
Tsurugi,/wiki/File:Tsurugi.png,/images/c/c1/Tsurugi.png
Runesword,/wiki/File:Runesword.png,/images/b/b6/Runesword.png
Partisan,/wiki/File:Partisan.png,/images/c/c1/Partisan.png
Ranseur,/wiki/File:Ranseur.png,/images/b/b9/Ranseur.png
Spetum,/wiki/File:Spetum.png,/images/4/4f/Spetum.png
Glaive,/wiki/File:Glaive.png,/images/e/e9/Glaive.png
Lance,/wiki/File:Lance.png,/images/f/f8/Lance.png
Halberd,/wiki/File:Halberd.png,/images/1/12/Halberd.png
Bardiche,/wiki/File:Bardiche.png,/images/4/4d/Bardiche.png
Voulge,/wiki/File:Voulge.png,/images/7/7e/Voulge.png
Dwarvish mattock,/wiki/File:Dwarvish_mattock.png,/images/a/ae/Dwarvish_mattock.png
Fauchard,/wiki/File:Fauchard.png,/images/5/5a/Fauchard.png
Guisarme,/wiki/File:Guisarme.png,/images/0/07/Guisarme.png
Bill-guisarme,/wiki/File:Bill-guisarme.png,/images/5/5d/Bill-guisarme.png
Lucern hammer,/wiki/File:Lucern_hammer.png,/images/9/95/Lucern_hammer.png
Bec de corbin,/wiki/File:Bec_de_corbin.png,/images/c/cb/Bec_de_corbin.png
Mace,/wiki/File:Mace.png,/images/6/63/Mace.png
Morning star,/wiki/File:Morning_star.png,/images/f/fd/Morning_star.png
War hammer,/wiki/File:War_hammer.png,/images/a/ab/War_hammer.png
Club,/wiki/File:Club.png,/images/5/50/Club.png
Rubber hose,/wiki/File:Rubber_hose.png,/images/2/26/Rubber_hose.png
Quarterstaff,/wiki/File:Quarterstaff.png,/images/8/85/Quarterstaff.png
Aklys,/wiki/File:Aklys.png,/images/2/2c/Aklys.png
Flail,/wiki/File:Flail.png,/images/1/1d/Flail.png
Bullwhip,/wiki/File:Bullwhip.png,/images/4/44/Bullwhip.png
Bow,/wiki/File:Bow.png,/images/6/65/Bow.png
Elven bow,/wiki/File:Elven_bow.png,/images/f/fd/Elven_bow.png
Orcish bow,/wiki/File:Orcish_bow.png,/images/c/cb/Orcish_bow.png
Yumi,/wiki/File:Yumi.png,/images/f/fb/Yumi.png
Sling,/wiki/File:Sling.png,/images/9/93/Sling.png
Crossbow,/wiki/File:Crossbow.png,/images/7/79/Crossbow.png
Elven leather helm,/wiki/File:Elven_leather_helm.png,/images/0/02/Elven_leather_helm.png
Orcish helm,/wiki/File:Orcish_helm.png,/images/8/86/Orcish_helm.png
Dwarvish iron helm,/wiki/File:Dwarvish_iron_helm.png,/images/b/b1/Dwarvish_iron_helm.png
Fedora,/wiki/File:Fedora.png,/images/5/5e/Fedora.png
Conical hat,/wiki/File:Conical_hat.png,/images/3/32/Conical_hat.png
Dented pot,/wiki/File:Dented_pot.png,/images/4/48/Dented_pot.png
Plumed helmet,/wiki/File:Plumed_helmet.png,/images/4/4b/Plumed_helmet.png
Etched helmet,/wiki/File:Etched_helmet.png,/images/3/33/Etched_helmet.png
Crested helmet,/wiki/File:Crested_helmet.png,/images/8/8a/Crested_helmet.png
Visored helmet,/wiki/File:Visored_helmet.png,/images/b/bc/Visored_helmet.png
Gray dragon scale mail,/wiki/File:Gray_dragon_scale_mail.png,/images/0/09/Gray_dragon_scale_mail.png
Silver dragon scale mail,/wiki/File:Silver_dragon_scale_mail.png,/images/f/f3/Silver_dragon_scale_mail.png
Shimmering dragon scale mail,/wiki/File:Shimmering_dragon_scale_mail.png,/images/9/92/Shimmering_dragon_scale_mail.png
Red dragon scale mail,/wiki/File:Red_dragon_scale_mail.png,/images/b/bd/Red_dragon_scale_mail.png
White dragon scale mail,/wiki/File:White_dragon_scale_mail.png,/images/1/1d/White_dragon_scale_mail.png
Orange dragon scale mail,/wiki/File:Orange_dragon_scale_mail.png,/images/7/75/Orange_dragon_scale_mail.png
Black dragon scale mail,/wiki/File:Black_dragon_scale_mail.png,/images/5/5b/Black_dragon_scale_mail.png
Blue dragon scale mail,/wiki/File:Blue_dragon_scale_mail.png,/images/3/3b/Blue_dragon_scale_mail.png
Green dragon scale mail,/wiki/File:Green_dragon_scale_mail.png,/images/5/5e/Green_dragon_scale_mail.png
Yellow dragon scale mail,/wiki/File:Yellow_dragon_scale_mail.png,/images/7/76/Yellow_dragon_scale_mail.png
Gray dragon scales,/wiki/File:Gray_dragon_scales.png,/images/5/58/Gray_dragon_scales.png
Silver dragon scales,/wiki/File:Silver_dragon_scales.png,/images/6/6f/Silver_dragon_scales.png
Shimmering dragon scales,/wiki/File:Shimmering_dragon_scales.png,/images/9/98/Shimmering_dragon_scales.png
Red dragon scales,/wiki/File:Red_dragon_scales.png,/images/3/31/Red_dragon_scales.png
White dragon scales,/wiki/File:White_dragon_scales.png,/images/b/ba/White_dragon_scales.png
Orange dragon scales,/wiki/File:Orange_dragon_scales.png,/images/2/26/Orange_dragon_scales.png
Black dragon scales,/wiki/File:Black_dragon_scales.png,/images/8/8e/Black_dragon_scales.png
Blue dragon scales,/wiki/File:Blue_dragon_scales.png,/images/6/6c/Blue_dragon_scales.png
Green dragon scales,/wiki/File:Green_dragon_scales.png,/images/7/7a/Green_dragon_scales.png
Yellow dragon scales,/wiki/File:Yellow_dragon_scales.png,/images/5/56/Yellow_dragon_scales.png
Plate mail,/wiki/File:Plate_mail.png,/images/6/6b/Plate_mail.png
Crystal plate mail,/wiki/File:Crystal_plate_mail.png,/images/d/db/Crystal_plate_mail.png
Bronze plate mail,/wiki/File:Bronze_plate_mail.png,/images/3/30/Bronze_plate_mail.png
Splint mail,/wiki/File:Splint_mail.png,/images/b/b1/Splint_mail.png
Banded mail,/wiki/File:Banded_mail.png,/images/d/df/Banded_mail.png
Dwarvish mithril-coat,/wiki/File:Dwarvish_mithril-coat.png,/images/f/f3/Dwarvish_mithril-coat.png
Elven mithril-coat,/wiki/File:Elven_mithril-coat.png,/images/6/6e/Elven_mithril-coat.png
Chain mail,/wiki/File:Chain_mail.png,/images/d/da/Chain_mail.png
Orcish chain mail,/wiki/File:Orcish_chain_mail.png,/images/9/92/Orcish_chain_mail.png
Scale mail,/wiki/File:Scale_mail.png,/images/c/c9/Scale_mail.png
Studded leather armor,/wiki/File:Studded_leather_armor.png,/images/9/9c/Studded_leather_armor.png
Ring mail,/wiki/File:Ring_mail.png,/images/6/6d/Ring_mail.png
Orcish ring mail,/wiki/File:Orcish_ring_mail.png,/images/e/e2/Orcish_ring_mail.png
Leather armor,/wiki/File:Leather_armor.png,/images/3/3c/Leather_armor.png
Leather jacket,/wiki/File:Leather_jacket.png,/images/3/33/Leather_jacket.png
Hawaiian shirt,/wiki/File:Hawaiian_shirt.png,/images/7/7e/Hawaiian_shirt.png
T-shirt,/wiki/File:T-shirt.png,/images/5/55/T-shirt.png
Mummy wrapping,/wiki/File:Mummy_wrapping.png,/images/9/9d/Mummy_wrapping.png
Elven cloak,/wiki/File:Elven_cloak.png,/images/e/ed/Elven_cloak.png
Orcish cloak,/wiki/File:Orcish_cloak.png,/images/6/62/Orcish_cloak.png
Dwarvish cloak,/wiki/File:Dwarvish_cloak.png,/images/e/ee/Dwarvish_cloak.png
Oilskin cloak,/wiki/File:Oilskin_cloak.png,/images/2/2a/Oilskin_cloak.png
Robe,/wiki/File:Robe.png,/images/6/64/Robe.png
Alchemy smock,/wiki/File:Alchemy_smock.png,/images/e/e9/Alchemy_smock.png
Leather cloak,/wiki/File:Leather_cloak.png,/images/2/24/Leather_cloak.png
Tattered cape,/wiki/File:Tattered_cape.png,/images/3/31/Tattered_cape.png
Opera cloak,/wiki/File:Opera_cloak.png,/images/6/6a/Opera_cloak.png
Ornamental cope,/wiki/File:Ornamental_cope.png,/images/3/38/Ornamental_cope.png
Piece of cloth,/wiki/File:Piece_of_cloth.png,/images/f/fa/Piece_of_cloth.png
Small shield,/wiki/File:Small_shield.png,/images/a/a3/Small_shield.png
Elven shield,/wiki/File:Elven_shield.png,/images/5/57/Elven_shield.png
Uruk-hai shield,/wiki/File:Uruk-hai_shield.png,/images/8/8f/Uruk-hai_shield.png
Orcish shield,/wiki/File:Orcish_shield.png,/images/f/f2/Orcish_shield.png
Large shield,/wiki/File:Large_shield.png,/images/f/f9/Large_shield.png
Dwarvish roundshield,/wiki/File:Dwarvish_roundshield.png,/images/f/fc/Dwarvish_roundshield.png
Shield of reflection,/wiki/File:Shield_of_reflection.png,/images/3/33/Shield_of_reflection.png
Leather gloves,/wiki/File:Leather_gloves.png,/images/9/95/Leather_gloves.png
Padded gloves,/wiki/File:Padded_gloves.png,/images/4/47/Padded_gloves.png
Riding gloves,/wiki/File:Riding_gloves.png,/images/e/ed/Riding_gloves.png
Fencing gloves,/wiki/File:Fencing_gloves.png,/images/c/ce/Fencing_gloves.png
Low boots,/wiki/File:Low_boots.png,/images/0/03/Low_boots.png
Iron shoes,/wiki/File:Iron_shoes.png,/images/b/b9/Iron_shoes.png
High boots,/wiki/File:High_boots.png,/images/9/92/High_boots.png
Combat boots,/wiki/File:Combat_boots.png,/images/1/15/Combat_boots.png
Jungle boots,/wiki/File:Jungle_boots.png,/images/f/fc/Jungle_boots.png
Hiking boots,/wiki/File:Hiking_boots.png,/images/b/bc/Hiking_boots.png
Mud boots,/wiki/File:Mud_boots.png,/images/d/de/Mud_boots.png
Buckled boots,/wiki/File:Buckled_boots.png,/images/5/59/Buckled_boots.png
Riding boots,/wiki/File:Riding_boots.png,/images/4/42/Riding_boots.png
Snow boots,/wiki/File:Snow_boots.png,/images/f/fe/Snow_boots.png
Wooden ring,/wiki/File:Wooden_ring.png,/images/a/ae/Wooden_ring.png
Granite ring,/wiki/File:Granite_ring.png,/images/c/c0/Granite_ring.png
Opal ring,/wiki/File:Opal_ring.png,/images/1/15/Opal_ring.png
Clay ring,/wiki/File:Clay_ring.png,/images/8/82/Clay_ring.png
Coral ring,/wiki/File:Coral_ring.png,/images/2/21/Coral_ring.png
Black onyx ring,/wiki/File:Black_onyx_ring.png,/images/e/ea/Black_onyx_ring.png
Moonstone ring,/wiki/File:Moonstone_ring.png,/images/a/a9/Moonstone_ring.png
Tiger eye ring,/wiki/File:Tiger_eye_ring.png,/images/a/a9/Tiger_eye_ring.png
Jade ring,/wiki/File:Jade_ring.png,/images/3/36/Jade_ring.png
Bronze ring,/wiki/File:Bronze_ring.png,/images/b/b7/Bronze_ring.png
Agate ring,/wiki/File:Agate_ring.png,/images/f/f8/Agate_ring.png
Topaz ring,/wiki/File:Topaz_ring.png,/images/1/10/Topaz_ring.png
Sapphire ring,/wiki/File:Sapphire_ring.png,/images/b/b6/Sapphire_ring.png
Ruby ring,/wiki/File:Ruby_ring.png,/images/2/24/Ruby_ring.png
Diamond ring,/wiki/File:Diamond_ring.png,/images/5/5d/Diamond_ring.png
Pearl ring,/wiki/File:Pearl_ring.png,/images/c/ca/Pearl_ring.png
Iron ring,/wiki/File:Iron_ring.png,/images/b/b8/Iron_ring.png
Brass ring,/wiki/File:Brass_ring.png,/images/7/71/Brass_ring.png
Copper ring,/wiki/File:Copper_ring.png,/images/0/0f/Copper_ring.png
Twisted ring,/wiki/File:Twisted_ring.png,/images/1/18/Twisted_ring.png
Steel ring,/wiki/File:Steel_ring.png,/images/e/e4/Steel_ring.png
Silver ring,/wiki/File:Silver_ring.png,/images/0/03/Silver_ring.png
Gold ring,/wiki/File:Gold_ring.png,/images/a/ae/Gold_ring.png
Ivory ring,/wiki/File:Ivory_ring.png,/images/1/17/Ivory_ring.png
Emerald ring,/wiki/File:Emerald_ring.png,/images/5/5d/Emerald_ring.png
Wire ring,/wiki/File:Wire_ring.png,/images/3/38/Wire_ring.png
Engagement ring,/wiki/File:Engagement_ring.png,/images/c/cf/Engagement_ring.png
Shiny ring,/wiki/File:Shiny_ring.png,/images/e/e9/Shiny_ring.png
Circular amulet,/wiki/File:Circular_amulet.png,/images/8/8b/Circular_amulet.png
Spherical amulet,/wiki/File:Spherical_amulet.png,/images/4/40/Spherical_amulet.png
Oval amulet,/wiki/File:Oval_amulet.png,/images/a/a0/Oval_amulet.png
Triangular amulet,/wiki/File:Triangular_amulet.png,/images/d/d5/Triangular_amulet.png
Pyramidal amulet,/wiki/File:Pyramidal_amulet.png,/images/e/ec/Pyramidal_amulet.png
Square amulet,/wiki/File:Square_amulet.png,/images/9/9a/Square_amulet.png
Concave amulet,/wiki/File:Concave_amulet.png,/images/b/ba/Concave_amulet.png
Hexagonal amulet,/wiki/File:Hexagonal_amulet.png,/images/3/32/Hexagonal_amulet.png
Octagonal amulet,/wiki/File:Octagonal_amulet.png,/images/0/0d/Octagonal_amulet.png
Amulet of Yendor,/wiki/File:Amulet_of_Yendor.png,/images/2/2c/Amulet_of_Yendor.png
Large box,/wiki/File:Large_box.png,/images/9/9c/Large_box.png
Chest,/wiki/File:Chest.png,/images/b/b3/Chest.png
Ice box,/wiki/File:Ice_box.png,/images/8/80/Ice_box.png
Bag,/wiki/File:Bag.png,/images/d/d4/Bag.png
Skeleton key,/wiki/File:Skeleton_key.png,/images/e/ec/Skeleton_key.png
Lock pick,/wiki/File:Lock_pick.png,/images/0/01/Lock_pick.png
Credit card,/wiki/File:Credit_card.png,/images/5/52/Credit_card.png
Candle,/wiki/File:Candle.png,/images/3/30/Candle.png
Brass lantern,/wiki/File:Brass_lantern.png,/images/1/10/Brass_lantern.png
Lamp,/wiki/File:Lamp.png,/images/3/37/Lamp.png
Expensive camera,/wiki/File:Expensive_camera.png,/images/3/32/Expensive_camera.png
Mirror,/wiki/File:Mirror.png,/images/b/b8/Mirror.png
Crystal ball,/wiki/File:Crystal_ball.png,/images/9/91/Crystal_ball.png
Lenses,/wiki/File:Lenses.png,/images/7/7d/Lenses.png
Blindfold,/wiki/File:Blindfold.png,/images/1/18/Blindfold.png
Towel,/wiki/File:Towel.png,/images/3/3d/Towel.png
Saddle,/wiki/File:Saddle.png,/images/c/ca/Saddle.png
Leash,/wiki/File:Leash.png,/images/1/10/Leash.png
Stethoscope,/wiki/File:Stethoscope.png,/images/d/d7/Stethoscope.png
Tinning kit,/wiki/File:Tinning_kit.png,/images/9/9a/Tinning_kit.png
Tin opener,/wiki/File:Tin_opener.png,/images/8/86/Tin_opener.png
Can of grease,/wiki/File:Can_of_grease.png,/images/9/92/Can_of_grease.png
Figurine,/wiki/File:Figurine.png,/images/3/3c/Figurine.png
Magic marker,/wiki/File:Magic_marker.png,/images/9/9b/Magic_marker.png
Beartrap,/wiki/File:Beartrap.png,/images/c/cf/Beartrap.png
Whistle,/wiki/File:Whistle.png,/images/1/18/Whistle.png
Flute,/wiki/File:Flute.png,/images/d/db/Flute.png
Horn,/wiki/File:Horn.png,/images/5/58/Horn.png
Harp,/wiki/File:Harp.png,/images/4/4e/Harp.png
Bell,/wiki/File:Bell.png,/images/6/6e/Bell.png
Bugle,/wiki/File:Bugle.png,/images/2/2b/Bugle.png
Drum,/wiki/File:Drum.png,/images/f/fb/Drum.png
Pick-axe,/wiki/File:Pick-axe.png,/images/e/e6/Pick-axe.png
Grappling hook,/wiki/File:Grappling_hook.png,/images/4/43/Grappling_hook.png
Unicorn horn,/wiki/File:Unicorn_horn.png,/images/6/65/Unicorn_horn.png
Candelabrum of Invocation,/wiki/File:Candelabrum_of_Invocation.png,/images/e/e9/Candelabrum_of_Invocation.png
Bell of Opening,/wiki/File:Bell_of_Opening.png,/images/5/54/Bell_of_Opening.png
Tripe ration,/wiki/File:Tripe_ration.png,/images/0/0a/Tripe_ration.png
Corpse,/wiki/File:Corpse.png,/images/d/da/Corpse.png
Egg,/wiki/File:Egg.png,/images/2/26/Egg.png
Meatball,/wiki/File:Meatball.png,/images/0/0d/Meatball.png
Meat stick,/wiki/File:Meat_stick.png,/images/b/b2/Meat_stick.png
Huge chunk of meat,/wiki/File:Huge_chunk_of_meat.png,/images/5/5d/Huge_chunk_of_meat.png
Meat ring,/wiki/File:Meat_ring.png,/images/b/b1/Meat_ring.png
Kelp frond,/wiki/File:Kelp_frond.png,/images/a/a5/Kelp_frond.png
Eucalyptus leaf,/wiki/File:Eucalyptus_leaf.png,/images/4/4e/Eucalyptus_leaf.png
Apple,/wiki/File:Apple.png,/images/7/7d/Apple.png
Orange,/wiki/File:Orange.png,/images/4/43/Orange.png
Pear,/wiki/File:Pear.png,/images/b/b0/Pear.png
Melon,/wiki/File:Melon.png,/images/1/19/Melon.png
Banana,/wiki/File:Banana.png,/images/6/69/Banana.png
Carrot,/wiki/File:Carrot.png,/images/c/c3/Carrot.png
Sprig of wolfsbane,/wiki/File:Sprig_of_wolfsbane.png,/images/7/7e/Sprig_of_wolfsbane.png
Clove of garlic,/wiki/File:Clove_of_garlic.png,/images/8/8b/Clove_of_garlic.png
Slime mold,/wiki/File:Slime_mold.png,/images/d/da/Slime_mold.png
Lump of royal jelly,/wiki/File:Lump_of_royal_jelly.png,/images/b/b4/Lump_of_royal_jelly.png
Cream pie,/wiki/File:Cream_pie.png,/images/2/25/Cream_pie.png
Candy bar,/wiki/File:Candy_bar.png,/images/f/fb/Candy_bar.png
Fortune cookie,/wiki/File:Fortune_cookie.png,/images/2/24/Fortune_cookie.png
Pancake,/wiki/File:Pancake.png,/images/6/62/Pancake.png
Lembas wafer,/wiki/File:Lembas_wafer.png,/images/f/f3/Lembas_wafer.png
Cram ration,/wiki/File:Cram_ration.png,/images/a/ad/Cram_ration.png
Food ration,/wiki/File:Food_ration.png,/images/0/0b/Food_ration.png
K-ration,/wiki/File:K-ration.png,/images/4/42/K-ration.png
C-ration,/wiki/File:C-ration.png,/images/4/45/C-ration.png
Tin,/wiki/File:Tin.png,/images/8/80/Tin.png
Ruby potion,/wiki/File:Ruby_potion.png,/images/0/0c/Ruby_potion.png
Pink potion,/wiki/File:Pink_potion.png,/images/7/79/Pink_potion.png
Orange potion,/wiki/File:Orange_potion.png,/images/8/86/Orange_potion.png
Yellow potion,/wiki/File:Yellow_potion.png,/images/e/ea/Yellow_potion.png
Emerald potion,/wiki/File:Emerald_potion.png,/images/1/12/Emerald_potion.png
Dark green potion,/wiki/File:Dark_green_potion.png,/images/7/75/Dark_green_potion.png
Cyan potion,/wiki/File:Cyan_potion.png,/images/2/22/Cyan_potion.png
Sky blue potion,/wiki/File:Sky_blue_potion.png,/images/9/9c/Sky_blue_potion.png
Brilliant blue potion,/wiki/File:Brilliant_blue_potion.png,/images/8/86/Brilliant_blue_potion.png
Magenta potion,/wiki/File:Magenta_potion.png,/images/f/fc/Magenta_potion.png
Purple-red potion,/wiki/File:Purple-red_potion.png,/images/a/a5/Purple-red_potion.png
Puce potion,/wiki/File:Puce_potion.png,/images/0/0f/Puce_potion.png
Milky potion,/wiki/File:Milky_potion.png,/images/2/24/Milky_potion.png
Swirly potion,/wiki/File:Swirly_potion.png,/images/4/42/Swirly_potion.png
Bubbly potion,/wiki/File:Bubbly_potion.png,/images/0/01/Bubbly_potion.png
Smoky potion,/wiki/File:Smoky_potion.png,/images/8/85/Smoky_potion.png
Cloudy potion,/wiki/File:Cloudy_potion.png,/images/b/b0/Cloudy_potion.png
Effervescent potion,/wiki/File:Effervescent_potion.png,/images/e/e4/Effervescent_potion.png
Black potion,/wiki/File:Black_potion.png,/images/2/23/Black_potion.png
Golden potion,/wiki/File:Golden_potion.png,/images/c/c5/Golden_potion.png
Brown potion,/wiki/File:Brown_potion.png,/images/a/a4/Brown_potion.png
Fizzy potion,/wiki/File:Fizzy_potion.png,/images/0/05/Fizzy_potion.png
Dark potion,/wiki/File:Dark_potion.png,/images/d/dd/Dark_potion.png
White potion,/wiki/File:White_potion.png,/images/0/08/White_potion.png
Murky potion,/wiki/File:Murky_potion.png,/images/7/72/Murky_potion.png
Clear potion,/wiki/File:Clear_potion.png,/images/3/3c/Clear_potion.png
Scroll,/wiki/File:Scroll.png,/images/8/8d/Scroll.png
Scroll of mail,/wiki/File:Scroll_of_mail.png,/images/7/7e/Scroll_of_mail.png
Scroll of blank paper,/wiki/File:Scroll_of_blank_paper.png,/images/f/f6/Scroll_of_blank_paper.png
Parchment spellbook,/wiki/File:Parchment_spellbook.png,/images/f/f7/Parchment_spellbook.png
Vellum spellbook,/wiki/File:Vellum_spellbook.png,/images/f/fa/Vellum_spellbook.png
Ragged spellbook,/wiki/File:Ragged_spellbook.png,/images/1/1a/Ragged_spellbook.png
Dog eared spellbook,/wiki/File:Dog_eared_spellbook.png,/images/6/6a/Dog_eared_spellbook.png
Mottled spellbook,/wiki/File:Mottled_spellbook.png,/images/e/ee/Mottled_spellbook.png
Stained spellbook,/wiki/File:Stained_spellbook.png,/images/c/c8/Stained_spellbook.png
Cloth spellbook,/wiki/File:Cloth_spellbook.png,/images/2/28/Cloth_spellbook.png
Leather spellbook,/wiki/File:Leather_spellbook.png,/images/6/62/Leather_spellbook.png
White spellbook,/wiki/File:White_spellbook.png,/images/a/af/White_spellbook.png
Pink spellbook,/wiki/File:Pink_spellbook.png,/images/0/09/Pink_spellbook.png
Red spellbook,/wiki/File:Red_spellbook.png,/images/6/6c/Red_spellbook.png
Orange spellbook,/wiki/File:Orange_spellbook.png,/images/f/fe/Orange_spellbook.png
Yellow spellbook,/wiki/File:Yellow_spellbook.png,/images/e/ea/Yellow_spellbook.png
Velvet spellbook,/wiki/File:Velvet_spellbook.png,/images/5/58/Velvet_spellbook.png
Light green spellbook,/wiki/File:Light_green_spellbook.png,/images/7/7d/Light_green_spellbook.png
Dark green spellbook,/wiki/File:Dark_green_spellbook.png,/images/a/a2/Dark_green_spellbook.png
Turquoise spellbook,/wiki/File:Turquoise_spellbook.png,/images/0/0b/Turquoise_spellbook.png
Cyan spellbook,/wiki/File:Cyan_spellbook.png,/images/7/70/Cyan_spellbook.png
Light blue spellbook,/wiki/File:Light_blue_spellbook.png,/images/3/3f/Light_blue_spellbook.png
Dark blue spellbook,/wiki/File:Dark_blue_spellbook.png,/images/d/d2/Dark_blue_spellbook.png
Indigo spellbook,/wiki/File:Indigo_spellbook.png,/images/7/79/Indigo_spellbook.png
Magenta spellbook,/wiki/File:Magenta_spellbook.png,/images/d/de/Magenta_spellbook.png
Purple spellbook,/wiki/File:Purple_spellbook.png,/images/9/9e/Purple_spellbook.png
Violet spellbook,/wiki/File:Violet_spellbook.png,/images/7/70/Violet_spellbook.png
Tan spellbook,/wiki/File:Tan_spellbook.png,/images/a/a3/Tan_spellbook.png
Plaid spellbook,/wiki/File:Plaid_spellbook.png,/images/3/36/Plaid_spellbook.png
Light brown spellbook,/wiki/File:Light_brown_spellbook.png,/images/1/1b/Light_brown_spellbook.png
Dark brown spellbook,/wiki/File:Dark_brown_spellbook.png,/images/2/26/Dark_brown_spellbook.png
Gray spellbook,/wiki/File:Gray_spellbook.png,/images/c/c4/Gray_spellbook.png
Wrinkled spellbook,/wiki/File:Wrinkled_spellbook.png,/images/7/7b/Wrinkled_spellbook.png
Dusty spellbook,/wiki/File:Dusty_spellbook.png,/images/7/77/Dusty_spellbook.png
Bronze spellbook,/wiki/File:Bronze_spellbook.png,/images/3/35/Bronze_spellbook.png
Copper spellbook,/wiki/File:Copper_spellbook.png,/images/a/a4/Copper_spellbook.png
Silver spellbook,/wiki/File:Silver_spellbook.png,/images/b/b1/Silver_spellbook.png
Gold spellbook,/wiki/File:Gold_spellbook.png,/images/1/1a/Gold_spellbook.png
Glittering spellbook,/wiki/File:Glittering_spellbook.png,/images/e/e1/Glittering_spellbook.png
Shining spellbook,/wiki/File:Shining_spellbook.png,/images/9/98/Shining_spellbook.png
Dull spellbook,/wiki/File:Dull_spellbook.png,/images/d/df/Dull_spellbook.png
Thin spellbook,/wiki/File:Thin_spellbook.png,/images/f/fd/Thin_spellbook.png
Thick spellbook,/wiki/File:Thick_spellbook.png,/images/a/a8/Thick_spellbook.png
Plain spellbook,/wiki/File:Plain_spellbook.png,/images/3/39/Plain_spellbook.png
Papyrus spellbook,/wiki/File:Papyrus_spellbook.png,/images/c/c5/Papyrus_spellbook.png
Glass wand,/wiki/File:Glass_wand.png,/images/0/03/Glass_wand.png
Balsa wand,/wiki/File:Balsa_wand.png,/images/d/dc/Balsa_wand.png
Crystal wand,/wiki/File:Crystal_wand.png,/images/0/00/Crystal_wand.png
Maple wand,/wiki/File:Maple_wand.png,/images/a/aa/Maple_wand.png
Pine wand,/wiki/File:Pine_wand.png,/images/1/18/Pine_wand.png
Oak wand,/wiki/File:Oak_wand.png,/images/9/9e/Oak_wand.png
Ebony wand,/wiki/File:Ebony_wand.png,/images/7/7c/Ebony_wand.png
Marble wand,/wiki/File:Marble_wand.png,/images/d/d7/Marble_wand.png
Tin wand,/wiki/File:Tin_wand.png,/images/c/c7/Tin_wand.png
Brass wand,/wiki/File:Brass_wand.png,/images/1/1a/Brass_wand.png
Copper wand,/wiki/File:Copper_wand.png,/images/3/33/Copper_wand.png
Silver wand,/wiki/File:Silver_wand.png,/images/2/21/Silver_wand.png
Platinum wand,/wiki/File:Platinum_wand.png,/images/c/cd/Platinum_wand.png
Iridium wand,/wiki/File:Iridium_wand.png,/images/8/81/Iridium_wand.png
Zinc wand,/wiki/File:Zinc_wand.png,/images/7/77/Zinc_wand.png
Aluminum wand,/wiki/File:Aluminum_wand.png,/images/2/2a/Aluminum_wand.png
Uranium wand,/wiki/File:Uranium_wand.png,/images/4/4e/Uranium_wand.png
Iron wand,/wiki/File:Iron_wand.png,/images/3/33/Iron_wand.png
Steel wand,/wiki/File:Steel_wand.png,/images/1/13/Steel_wand.png
Hexagonal wand,/wiki/File:Hexagonal_wand.png,/images/3/33/Hexagonal_wand.png
Short wand,/wiki/File:Short_wand.png,/images/d/dc/Short_wand.png
Runed wand,/wiki/File:Runed_wand.png,/images/c/c9/Runed_wand.png
Long wand,/wiki/File:Long_wand.png,/images/c/c1/Long_wand.png
Curved wand,/wiki/File:Curved_wand.png,/images/a/a2/Curved_wand.png
Forked wand,/wiki/File:Forked_wand.png,/images/0/03/Forked_wand.png
Spiked wand,/wiki/File:Spiked_wand.png,/images/b/bb/Spiked_wand.png
Jeweled wand,/wiki/File:Jeweled_wand.png,/images/2/2d/Jeweled_wand.png
Gold piece,/wiki/File:Gold_piece.png,/images/a/a3/Gold_piece.png
White gem,/wiki/File:White_gem.png,/images/d/d4/White_gem.png
Red gem,/wiki/File:Red_gem.png,/images/1/1d/Red_gem.png
Orange gem,/wiki/File:Orange_gem.png,/images/1/14/Orange_gem.png
Blue gem,/wiki/File:Blue_gem.png,/images/0/0f/Blue_gem.png
Black gem,/wiki/File:Black_gem.png,/images/c/c9/Black_gem.png
Green gem,/wiki/File:Green_gem.png,/images/d/d3/Green_gem.png
Yellow gem,/wiki/File:Yellow_gem.png,/images/0/07/Yellow_gem.png
Yellowish brown gem,/wiki/File:Yellowish_brown_gem.png,/images/2/27/Yellowish_brown_gem.png
Violet gem,/wiki/File:Violet_gem.png,/images/5/5e/Violet_gem.png
Gray stone,/wiki/File:Gray_stone.png,/images/a/a0/Gray_stone.png
Rock,/wiki/File:Rock.png,/images/0/0b/Rock.png
Boulder,/wiki/File:Boulder.png,/images/2/21/Boulder.png
Statue,/wiki/File:Statue.png,/images/b/ba/Statue.png
Heavy iron ball,/wiki/File:Heavy_iron_ball.png,/images/5/5f/Heavy_iron_ball.png
Iron chain,/wiki/File:Iron_chain.png,/images/c/cc/Iron_chain.png
Blinding venom,/wiki/File:Blinding_venom.png,/images/3/3c/Blinding_venom.png
Acid venom,/wiki/File:Acid_venom.png,/images/1/1b/Acid_venom.png
Glob of black pudding,/wiki/File:Glob_of_black_pudding.png,/images/1/10/Glob_of_black_pudding.png
Glob of brown pudding,/wiki/File:Glob_of_brown_pudding.png,/images/9/9a/Glob_of_brown_pudding.png
Glob of gray ooze,/wiki/File:Glob_of_gray_ooze.png,/images/7/7b/Glob_of_gray_ooze.png
Glob of green slime,/wiki/File:Glob_of_green_slime.png,/images/d/d7/Glob_of_green_slime.png
Paperback novel,/wiki/File:Paperback_novel.png,/images/5/50/Paperback_novel.png
Open door,/wiki/File:Open_door.png,/images/5/53/Open_door.png
Closed door,/wiki/File:Closed_door.png,/images/e/e4/Closed_door.png
Iron bars,/wiki/File:Iron_bars.png,/images/8/89/Iron_bars.png
Tree,/wiki/File:Tree.png,/images/a/ac/Tree.png
Staircase up,/wiki/File:Staircase_up.png,/images/9/95/Staircase_up.png
Staircase down,/wiki/File:Staircase_down.png,/images/8/82/Staircase_down.png
Ladder up,/wiki/File:Ladder_up.png,/images/7/7f/Ladder_up.png
Ladder down,/wiki/File:Ladder_down.png,/images/5/58/Ladder_down.png
Altar,/wiki/File:Altar.png,/images/b/be/Altar.png
Grave,/wiki/File:Grave.png,/images/e/eb/Grave.png
Opulent throne,/wiki/File:Opulent_throne.png,/images/e/e8/Opulent_throne.png
Sink,/wiki/File:Sink.png,/images/6/66/Sink.png
Fountain,/wiki/File:Fountain.png,/images/8/89/Fountain.png
Water,/wiki/File:Water.png,/images/9/9d/Water.png
Ice,/wiki/File:Ice.png,/images/7/77/Ice.png
Molten lava,/wiki/File:Molten_lava.png,/images/8/8d/Molten_lava.png
Lowered drawbridge,/wiki/File:Lowered_drawbridge.png,/images/7/72/Lowered_drawbridge.png
Raised drawbridge,/wiki/File:Raised_drawbridge.png,/images/5/54/Raised_drawbridge.png
Air,/wiki/File:Air.png,/images/5/5f/Air.png
Cloud,/wiki/File:Cloud.png,/images/d/d2/Cloud.png
Arrow trap,/wiki/File:Arrow_trap.png,/images/f/fc/Arrow_trap.png
Dart trap,/wiki/File:Dart_trap.png,/images/1/10/Dart_trap.png
Falling rock trap,/wiki/File:Falling_rock_trap.png,/images/8/85/Falling_rock_trap.png
Squeaky board,/wiki/File:Squeaky_board.png,/images/e/ea/Squeaky_board.png
Bear trap,/wiki/File:Bear_trap.png,/images/7/72/Bear_trap.png
Land mine,/wiki/File:Land_mine.png,/images/e/ee/Land_mine.png
Rolling boulder trap,/wiki/File:Rolling_boulder_trap.png,/images/2/25/Rolling_boulder_trap.png
Sleeping gas trap,/wiki/File:Sleeping_gas_trap.png,/images/b/bd/Sleeping_gas_trap.png
Rust trap,/wiki/File:Rust_trap.png,/images/7/73/Rust_trap.png
Fire trap,/wiki/File:Fire_trap.png,/images/9/91/Fire_trap.png
Pit,/wiki/File:Pit.png,/images/2/22/Pit.png
Spiked pit,/wiki/File:Spiked_pit.png,/images/0/08/Spiked_pit.png
Hole,/wiki/File:Hole.png,/images/e/e3/Hole.png
Trap door,/wiki/File:Trap_door.png,/images/0/0e/Trap_door.png
Teleportation trap,/wiki/File:Teleportation_trap.png,/images/9/93/Teleportation_trap.png
Level teleporter,/wiki/File:Level_teleporter.png,/images/8/85/Level_teleporter.png
Magic portal,/wiki/File:Magic_portal.png,/images/b/b4/Magic_portal.png
Web,/wiki/File:Web.png,/images/f/f8/Web.png
Statue trap,/wiki/File:Statue_trap.png,/images/b/bd/Statue_trap.png
Magic trap,/wiki/File:Magic_trap.png,/images/c/c9/Magic_trap.png
Anti-magic field,/wiki/File:Anti-magic_field.png,/images/2/22/Anti-magic_field.png
Polymorph trap,/wiki/File:Polymorph_trap.png,/images/6/6d/Polymorph_trap.png
Warning 0,/wiki/File:Warning_0.png,/images/b/ba/Warning_0.png
Warning 1,/wiki/File:Warning_1.png,/images/7/72/Warning_1.png
Warning 2,/wiki/File:Warning_2.png,/images/c/c2/Warning_2.png
Warning 3,/wiki/File:Warning_3.png,/images/d/d7/Warning_3.png
Warning 4,/wiki/File:Warning_4.png,/images/f/f3/Warning_4.png
Warning 5,/wiki/File:Warning_5.png,/images/6/62/Warning_5.png
Dark part of a room 2,/wiki/File:Dark_part_of_a_room_2.png,/images/b/ba/Dark_part_of_a_room_2.png
Poison cloud,/wiki/File:Poison_cloud.png,/images/d/d4/Poison_cloud.png
Valid position,/wiki/File:Valid_position.png,/images/f/f2/Valid_position.png
Vibrating square,/wiki/File:Vibrating_square.png,/images/b/bd/Vibrating_square.png
